
CREATE DATABASE `aba_pixel` COLLATE 'utf8_unicode_ci';

USE `aba_pixel`;

/*!40014 SET @OLD_UNIQUE_CHECKS=@@UNIQUE_CHECKS, UNIQUE_CHECKS=0 */;
/*!40014 SET @OLD_FOREIGN_KEY_CHECKS=@@FOREIGN_KEY_CHECKS, FOREIGN_KEY_CHECKS=0 */;
/*!40101 SET @OLD_SQL_MODE=@@SQL_MODE, SQL_MODE='NO_AUTO_VALUE_ON_ZERO' */;
/*!40111 SET @OLD_SQL_NOTES=@@SQL_NOTES, SQL_NOTES=0 */;

CREATE TABLE `pix_fields` (
`id`  int(11) NOT NULL AUTO_INCREMENT ,
`name`  varchar(25) CHARACTER SET utf8 COLLATE utf8_unicode_ci NOT NULL DEFAULT '' ,
`code`  varchar(100) CHARACTER SET utf8 COLLATE utf8_unicode_ci NOT NULL DEFAULT '' ,
PRIMARY KEY (`id`),
UNIQUE INDEX `name` (`name`) USING BTREE ,
UNIQUE INDEX `code` (`code`) USING BTREE 
)
ENGINE=InnoDB
DEFAULT CHARACTER SET=utf8 COLLATE=utf8_unicode_ci
ROW_FORMAT=Compact
;
CREATE TABLE `pix_fields_pixels` (
`id`  int(11) NOT NULL AUTO_INCREMENT ,
`idPixel`  int(11) NOT NULL DEFAULT 0 ,
`idField`  int(11) NOT NULL DEFAULT 0 ,
PRIMARY KEY (`id`),
CONSTRAINT `FK_pix_fields_pixels_idField` FOREIGN KEY (`idField`) REFERENCES `pix_fields` (`id`) ON DELETE RESTRICT ON UPDATE RESTRICT,
CONSTRAINT `FK_pix_fields_pixels_idPixel` FOREIGN KEY (`idPixel`) REFERENCES `pix_pixels` (`id`) ON DELETE RESTRICT ON UPDATE RESTRICT,
INDEX `FK_pix_pixels` (`idPixel`) USING BTREE ,
INDEX `FK_pix_fields` (`idField`) USING BTREE 
)
ENGINE=InnoDB
DEFAULT CHARACTER SET=utf8 COLLATE=utf8_unicode_ci
ROW_FORMAT=Compact
;
CREATE TABLE `pix_partners` (
`id`  int(11) NOT NULL AUTO_INCREMENT ,
`name`  varchar(100) CHARACTER SET utf8 COLLATE utf8_unicode_ci NOT NULL DEFAULT '' ,
`code`  varchar(100) CHARACTER SET utf8 COLLATE utf8_unicode_ci NOT NULL DEFAULT '' ,
PRIMARY KEY (`id`),
UNIQUE INDEX `code` (`code`) USING BTREE 
)
ENGINE=InnoDB
DEFAULT CHARACTER SET=utf8 COLLATE=utf8_unicode_ci
ROW_FORMAT=Compact
;
CREATE TABLE `pix_partners_pixels_environments` (
`id`  int(11) NOT NULL AUTO_INCREMENT ,
`idPartner`  varchar(100) CHARACTER SET utf8 COLLATE utf8_unicode_ci NOT NULL DEFAULT '' ,
`idPixel`  int(11) NOT NULL DEFAULT 0 ,
`idEnvironment`  int(11) NOT NULL DEFAULT 0 COMMENT '1-Campus. 2-Web. 3-Extranet.' ,
`active`  tinyint(4) NOT NULL DEFAULT 0 COMMENT '0-False, 1-True' ,
`date_ini`  datetime NOT NULL DEFAULT '2000-01-01 00:00:00' COMMENT 'Initial viewing window' ,
`date_end`  datetime NOT NULL DEFAULT '2050-01-01 00:00:00' COMMENT 'Final viewing window' ,
`country`  int(11) NOT NULL DEFAULT 0 COMMENT 'Country number' ,
`type`  smallint(6) NOT NULL DEFAULT 0 COMMENT '1-Lead, 2-Conversion' ,
`activations`  int(10) UNSIGNED NULL DEFAULT 0 COMMENT 'Number of activations.' ,
PRIMARY KEY (`id`),
CONSTRAINT `FK_pix_partners_pixels_environments_idPartner` FOREIGN KEY (`idPartner`) REFERENCES `pix_partners` (`code`) ON DELETE RESTRICT ON UPDATE RESTRICT,
CONSTRAINT `FK_pix_partners_pixels_environments_idPixel` FOREIGN KEY (`idPixel`) REFERENCES `pix_pixels` (`id`) ON DELETE RESTRICT ON UPDATE RESTRICT,
INDEX `FK_pix_pixels` (`idPixel`) USING BTREE ,
INDEX `FK_pix_partners` (`idPartner`) USING BTREE 
)
ENGINE=InnoDB
DEFAULT CHARACTER SET=utf8 COLLATE=utf8_unicode_ci
ROW_FORMAT=Compact
;
CREATE TABLE `pix_pixels` (
`id`  int(11) NOT NULL AUTO_INCREMENT ,
`name`  varchar(50) CHARACTER SET utf8 COLLATE utf8_unicode_ci NOT NULL DEFAULT '' COMMENT 'A unique name for categorization' ,
`snip_code`  varchar(1024) CHARACTER SET utf8 COLLATE utf8_unicode_ci NOT NULL DEFAULT '' COMMENT 'Source code from partner' ,
`status`  smallint(6) NOT NULL DEFAULT 1 COMMENT '1-Pending Marketing , 2-Pending IT, 3-Production' ,
PRIMARY KEY (`id`)
)
ENGINE=InnoDB
DEFAULT CHARACTER SET=utf8 COLLATE=utf8_unicode_ci
ROW_FORMAT=Compact
;

/* SYNC DB : aba_pixel */ 
SET SESSION TRANSACTION ISOLATION LEVEL REPEATABLE READ;
 START TRANSACTION;
/* SYNC TABLE : `pix_fields` */


insert into `aba_pixel`.`pix_fields`(`id`, `name`, `code`) values ('1', 'idPartner', '{$#idPartner}'),('2', 'idUser', '{$#idUser}'),('3', 'mailUser', '{$@emailUser}'),('4', 'paymentValue', '{$#paymentValue}'),('5', 'Tipo de dispositivo', '{$@deviceType}'),('6', 'Partner activo', '{$#samePartner}');
/* SYNC TABLE : `pix_fields_pixels` */

insert into `aba_pixel`.`pix_fields_pixels`(`id`, `idPixel`, `idField`) values ('1', '1', '1'),('2', '6', '1'),('3', '33', '2'),('4', '34', '2'),('5', '35', '2'),('6', '36', '2'),('7', '42', '2'),('8', '43', '2'),('9', '45', '2'),('10', '46', '2'),('11', '47', '2'),('12', '50', '6'),('13', '51', '6'),('14', '50', '5'),('15', '51', '5'),('16', '49', '5'),('17', '60', '6'),('18', '61', '6'),('19', '60', '5'),('20', '61', '5'),('21', '59', '5');
/* SYNC TABLE : `pix_partners` */

insert into `aba_pixel`.`pix_partners`(`id`, `name`, `code`) values ('1', 'Test Partner', '-1'),('2', 'Fixed pixels Partner', '0'),('3', 'Conversión DBM PL - 5257', '300227'),('4', 'Bing Stream ADS ES - 5235', '300222'),('5', 'Bing Stream ADS MX - 5235', '300223'),('6', 'Bing Stream ADS CA - 5235', '300224'),('7', 'Bing Stream ADS DE - 5235', '300225'),('8', 'PowerSpace ES - 5236', '300226'),('9', 'Conversion ADmeta (Vocento) - 5233', '300094'),('10', 'AdRoll (Conversión y RMK) ES - 5287', '300044'),('11', 'AdRoll (Conversión y RMK) FR - 5287', '300047'),('12', 'AdRoll (Conversión y RMK) IT - 5287', '300050'),('13', 'AdRoll (Conversión y RMK) BR - 5287', '300098'),('14', 'AdRoll (Conversión y RMK) CA - 5287', '300228'),('15', 'AdRoll (Conversión y RMK) DE - 5287', '300229'),('16', 'AdRoll (Conversión y RMK) MX - 5287', '300230'),('17', 'AdRoll (Conversión y RMK) CO - 5287', '300231'),('18', 'AdRoll (Conversión y RMK) PE - 5287', '300232'),('20', 'AdWords UA - 5320', '300244'),('21', 'AdWords PA - 5320', '300236'),('22', 'AdWords TR - 5320', '300242'),('23', 'AdWords RU - 5320', '300243'),('24', 'AdWords AN - 5320', '300235'),('25', 'AdWords PY - 5317', '300241'),('26', 'AdWords CR - 5319', '300238'),('27', 'AdWords GR - 5319', '300245'),('28', 'AdWords NI - 5319', '300239'),('29', 'AdWords UY - 5319', '300240'),('30', 'AdWords VE - 5319', '300234'),('31', 'Clickpoint DE Single', '6138'),('32', 'Impacting Lead ES', '6144'),('33', 'Impacting Lead FR', '6143'),('34', 'Impacting Lead IT', '6145'),('35', 'AdWords AT - 5390', '300093'),('36', 'AdWords BO - 5390', '300212'),('37', 'AdWords BR - 5390', '300034'),('38', 'AdWords CA - 5390', '300029'),('39', 'AdWords CL - 5390', '300076'),('40', 'AdWords CO - 5390', '300075'),('49', 'AdWords DE - 5390', '300036'),('50', 'AdWords DO - 5390', '300201'),('51', 'AdWords EC  - 5390', '300200'),('52', 'AdWords ES - 5390', '300007'),('53', 'AdWords FR - 5390', '300020'),('59', 'AdWords GT - 5390', '300211'),('62', 'AdWords IT - 5390', '300009'),('63', 'AdWords Longtail - 5390', '300155'),('64', 'AdWords Longtail ES - 5390', '300156'),('65', 'AdWords Longtail IT - 5390', '300157'),('66', 'AdWords Longtail FR - 5390', '300158'),('67', 'AdWords Longtail EN - 5390', '300159'),('68', 'AdWords Longtail PT - 5390', '300160'),('69', 'AdWords Longtail DE - 5390', '300161'),('70', 'AdWords MX - 5390', '300024'),('73', 'AdWords PE - 5390', '300097'),('74', 'AdWords PL - 5390', '300089'),('75', 'AdWords PR - 5390', '300246'),('76', 'AdWords PT - 5390', '300062'),('79', 'AdWords SV - 5390', '300210'),('81', 'AdWords UK - 5390', '300030'),('83', 'AdWords US - 5390', '300027'),('86', 'Adwords ABA testing - 5390', '300249'),('87', 'AdWords APP Mobile BR - 5390', '400043'),('88', 'AdWords APP Mobile CA - 5390', '400044'),('89', 'AdWords APP Mobile CO - 5390', '400003'),('90', 'AdWords APP Mobile DE - 5390', '400045'),('91', 'AdWords APP Mobile ENG - 5390', '400054'),('92', 'AdWords APP Mobile ES - 5390', '400046'),('93', 'AdWords APP Mobile FR - 5390', '400047'),('94', 'AdWords APP Mobile IT - 5390', '400048'),('95', 'AdWords APP Mobile LATAM - 5390', '400053'),('96', 'AdWords APP Mobile MX - 5390', '400049'),('97', 'AdWords APP Mobile PE - 5390', '400050'),('98', 'AdWords APP Mobile PT - 5390', '400051'),('99', 'AdWords APP Mobile UK - 5390', '400052'),('102', 'belboon-de-single - 5435', '6130'),('103', 'belboon-de-display - 5435', '6131'),('104', 'belboon-fr-single - 5435', '6132'),('105', 'belboon-fr-display - 5435', '6133'),('106', 'Clickpoint RTB ES - 5472', '6151'),('107', 'Clickpoint RTB FR -5472', '6152'),('108', 'Clickpoint RTB IT -5472', '6153'),('109', 'Addoor-mx-nativeads - 5479', '6146'),('110', 'Criteo ES - 5494', '300151'),('111', 'Criteo FR - 5494', '300152'),('112', 'AdWords AU - 5390', '300250'),('113', 'AdWords NZ - 5390', '300251'),('114', 'Remarketing a Premium FR - 5509', '300252'),('115', 'Remarketing a Premium IT - 5509', '300253'),('116', 'Remarketing a Premium ES - 5509', '300254');
/* SYNC TABLE : `pix_partners_pixels_environments` */

insert into `aba_pixel`.`pix_partners_pixels_environments`(`id`, `idPartner`, `idPixel`, `idEnvironment`, `active`, `date_ini`, `date_end`, `country`, `type`, `activations`) values ('1', '0', '1', '1', '1', '2015-01-01 00:00:00', '2050-01-01 00:00:00', '199', '3', '2'),('2', '0', '2', '2', '1', '2000-01-01 00:00:00', '2050-01-01 00:00:00', '0', '3', '170425'),('3', '0', '3', '1', '1', '2000-01-01 00:00:00', '2050-01-01 00:00:00', '0', '1', '17443'),('4', '300227', '4', '1', '1', '2000-01-01 00:00:00', '2050-01-01 00:00:00', '0', '1', '26'),('5', '300222', '5', '1', '1', '2000-01-01 00:00:00', '2050-01-01 00:00:00', '0', '1', '0'),('6', '300223', '5', '1', '1', '2000-01-01 00:00:00', '2050-01-01 00:00:00', '0', '1', '0'),('7', '300224', '5', '1', '1', '2000-01-01 00:00:00', '2050-01-01 00:00:00', '0', '1', '0'),('8', '300225', '5', '1', '1', '2000-01-01 00:00:00', '2050-01-01 00:00:00', '0', '1', '0'),('9', '300226', '6', '1', '1', '2000-01-01 00:00:00', '2050-01-01 00:00:00', '0', '1', '3'),('10', '300094', '7', '1', '1', '2000-01-01 00:00:00', '2050-01-01 00:00:00', '0', '1', '13'),('11', '0', '8', '1', '1', '2000-01-01 00:00:00', '2050-01-01 00:00:00', '0', '1', '24856'),('12', '0', '52', '2', '1', '2000-01-01 00:00:00', '2050-01-01 00:00:00', '0', '3', '162867'),('13', '0', '9', '1', '1', '2000-01-01 00:00:00', '2050-01-01 00:00:00', '0', '1', '24979'),('14', '0', '53', '2', '1', '2000-01-01 00:00:00', '2050-01-01 00:00:00', '0', '3', '162889'),('15', '0', '54', '2', '1', '2000-01-01 00:00:00', '2050-01-01 00:00:00', '0', '3', '163056'),('16', '300044', '10', '1', '1', '2000-01-01 00:00:00', '2050-01-01 00:00:00', '0', '1', '1'),('17', '300047', '10', '1', '1', '2000-01-01 00:00:00', '2050-01-01 00:00:00', '0', '1', '1'),('18', '300050', '10', '1', '1', '2000-01-01 00:00:00', '2050-01-01 00:00:00', '0', '1', '3'),('19', '300098', '10', '1', '1', '2000-01-01 00:00:00', '2050-01-01 00:00:00', '0', '1', '3'),('20', '300228', '10', '1', '1', '2000-01-01 00:00:00', '2050-01-01 00:00:00', '0', '1', '1'),('21', '300229', '10', '1', '1', '2000-01-01 00:00:00', '2050-01-01 00:00:00', '0', '1', '0'),('22', '300230', '10', '1', '1', '2000-01-01 00:00:00', '2050-01-01 00:00:00', '0', '1', '5'),('23', '300231', '10', '1', '1', '2000-01-01 00:00:00', '2050-01-01 00:00:00', '0', '1', '1'),('24', '300232', '10', '1', '1', '2000-01-01 00:00:00', '2050-01-01 00:00:00', '0', '1', '1'),('25', '300244', '11', '1', '1', '2015-01-01 00:00:00', '2050-01-01 00:00:00', '0', '1', '134'),('26', '300236', '12', '1', '1', '2015-01-01 00:00:00', '2050-01-01 00:00:00', '0', '1', '105'),('27', '300244', '16', '1', '1', '2015-01-01 00:00:00', '2050-01-01 00:00:00', '0', '2', '0'),('28', '300242', '13', '1', '1', '2015-01-01 00:00:00', '2050-01-01 00:00:00', '0', '1', '69'),('29', '300243', '14', '1', '1', '2015-01-01 00:00:00', '2050-01-01 00:00:00', '0', '1', '78'),('30', '300235', '15', '1', '1', '2015-01-01 00:00:00', '2050-01-01 00:00:00', '0', '1', '122'),('31', '300236', '17', '1', '1', '2015-01-01 00:00:00', '2050-01-01 00:00:00', '0', '2', '0'),('32', '300242', '18', '1', '1', '2015-01-01 00:00:00', '2050-01-01 00:00:00', '0', '2', '0'),('33', '300243', '19', '1', '1', '2015-01-01 00:00:00', '2050-01-01 00:00:00', '0', '2', '0'),('34', '300235', '20', '1', '1', '2015-01-01 00:00:00', '2050-01-01 00:00:00', '0', '2', '0'),('35', '300241', '21', '1', '1', '2015-01-01 00:00:00', '2050-01-01 00:00:00', '0', '1', '92'),('36', '300241', '22', '1', '1', '2015-01-01 00:00:00', '2050-01-01 00:00:00', '0', '2', '0'),('37', '300238', '23', '1', '1', '2015-01-01 00:00:00', '2050-01-01 00:00:00', '0', '1', '144'),('38', '300238', '29', '1', '1', '2015-01-01 00:00:00', '2050-01-01 00:00:00', '0', '2', '0'),('39', '300245', '24', '1', '1', '2015-01-01 00:00:00', '2050-01-01 00:00:00', '0', '1', '56'),('40', '300245', '30', '1', '1', '2015-01-01 00:00:00', '2050-01-01 00:00:00', '0', '2', '0'),('41', '300239', '25', '1', '1', '2015-01-01 00:00:00', '2050-01-01 00:00:00', '0', '1', '137'),('42', '300239', '31', '1', '1', '2015-01-01 00:00:00', '2050-01-01 00:00:00', '0', '2', '0'),('43', '300240', '26', '1', '1', '2015-01-01 00:00:00', '2050-01-01 00:00:00', '0', '1', '76'),('44', '300240', '32', '1', '1', '2015-01-01 00:00:00', '2050-01-01 00:00:00', '0', '2', '0'),('45', '300234', '27', '1', '1', '2015-01-01 00:00:00', '2050-01-01 00:00:00', '0', '1', '155'),('46', '300234', '28', '1', '1', '2015-01-01 00:00:00', '2050-01-01 00:00:00', '0', '2', '0'),('47', '6138', '33', '1', '1', '2015-01-01 00:00:00', '2050-01-01 00:00:00', '0', '1', '4'),('48', '6143', '35', '1', '1', '2000-01-01 00:00:00', '2050-01-01 00:00:00', '0', '1', '0'),('49', '6144', '34', '1', '1', '2000-01-01 00:00:00', '2050-01-01 00:00:00', '0', '1', '2'),('50', '6145', '36', '1', '1', '2000-01-01 00:00:00', '2050-01-01 00:00:00', '0', '1', '0'),('51', '300093', '37', '1', '1', '2015-06-26 10:04:37', '2050-01-01 00:00:00', '0', '1', '1'),('52', '300212', '37', '1', '1', '2015-06-26 10:04:37', '2050-01-01 00:00:00', '0', '1', '81'),('53', '300034', '37', '1', '1', '2015-06-26 10:04:37', '2050-01-01 00:00:00', '0', '1', '1753'),('54', '300029', '37', '1', '1', '2015-06-26 10:04:37', '2050-01-01 00:00:00', '0', '1', '295'),('55', '300076', '37', '1', '1', '2015-06-26 10:04:37', '2050-01-01 00:00:00', '0', '1', '349'),('56', '300075', '37', '1', '1', '2015-06-26 10:04:37', '2050-01-01 00:00:00', '0', '1', '331'),('57', '300238', '37', '1', '1', '2015-06-26 10:04:37', '2050-01-01 00:00:00', '0', '1', '144'),('58', '300036', '37', '1', '1', '2015-06-26 10:04:37', '2050-01-01 00:00:00', '0', '1', '9'),('59', '300201', '37', '1', '1', '2015-06-26 10:04:37', '2050-01-01 00:00:00', '0', '1', '123'),('60', '300200', '37', '1', '1', '2015-06-26 10:04:37', '2050-01-01 00:00:00', '0', '1', '48'),('61', '300007', '37', '1', '1', '2015-06-26 10:04:37', '2050-01-01 00:00:00', '0', '1', '721'),('62', '300020', '37', '1', '1', '2015-06-26 10:04:37', '2050-01-01 00:00:00', '0', '1', '672'),('63', '300245', '37', '1', '1', '2015-06-26 10:04:37', '2050-01-01 00:00:00', '0', '1', '56'),('64', '300211', '37', '1', '1', '2015-06-26 10:04:37', '2050-01-01 00:00:00', '0', '1', '60'),('65', '300235', '37', '1', '1', '2015-06-26 10:04:37', '2050-01-01 00:00:00', '0', '1', '122'),('66', '300009', '37', '1', '1', '2015-06-26 10:04:37', '2050-01-01 00:00:00', '0', '1', '777'),('67', '300155', '37', '1', '1', '2015-06-26 10:04:37', '2050-01-01 00:00:00', '0', '1', '0'),('68', '300156', '37', '1', '1', '2015-06-26 10:04:37', '2050-01-01 00:00:00', '0', '1', '10'),('69', '300157', '37', '1', '1', '2015-06-26 10:04:37', '2050-01-01 00:00:00', '0', '1', '0'),('70', '300158', '37', '1', '1', '2015-06-26 10:04:37', '2050-01-01 00:00:00', '0', '1', '217'),('71', '300159', '37', '1', '1', '2015-06-26 10:04:37', '2050-01-01 00:00:00', '0', '1', '443'),('72', '300160', '37', '1', '1', '2015-06-26 10:04:37', '2050-01-01 00:00:00', '0', '1', '0'),('73', '300161', '37', '1', '1', '2015-06-26 10:04:37', '2050-01-01 00:00:00', '0', '1', '0'),('74', '300024', '37', '1', '1', '2015-06-26 10:04:37', '2050-01-01 00:00:00', '0', '1', '1051'),('75', '300239', '37', '1', '1', '2015-06-26 10:04:37', '2050-01-01 00:00:00', '0', '1', '137'),('76', '300236', '37', '1', '1', '2015-06-26 10:04:37', '2050-01-01 00:00:00', '0', '1', '105'),('77', '300097', '37', '1', '1', '2015-06-26 10:04:37', '2050-01-01 00:00:00', '0', '1', '664'),('78', '300089', '37', '1', '1', '2015-06-26 10:04:37', '2050-01-01 00:00:00', '0', '1', '120'),('79', '300246', '37', '1', '1', '2015-06-26 10:04:37', '2050-01-01 00:00:00', '0', '1', '60'),('80', '300062', '37', '1', '1', '2015-06-26 10:04:37', '2050-01-01 00:00:00', '0', '1', '108'),('81', '300241', '37', '1', '1', '2015-06-26 10:04:37', '2050-01-01 00:00:00', '0', '1', '92'),('82', '300243', '37', '1', '1', '2015-06-26 10:04:37', '2050-01-01 00:00:00', '0', '1', '78'),('83', '300210', '37', '1', '1', '2015-06-26 10:04:37', '2050-01-01 00:00:00', '0', '1', '60'),('84', '300242', '37', '1', '1', '2015-06-26 10:04:37', '2050-01-01 00:00:00', '0', '1', '69'),('85', '300030', '37', '1', '1', '2015-06-26 10:04:37', '2050-01-01 00:00:00', '0', '1', '477'),('86', '300244', '37', '1', '1', '2015-06-26 10:04:37', '2050-01-01 00:00:00', '0', '1', '134'),('87', '300027', '37', '1', '1', '2015-06-26 10:04:37', '2050-01-01 00:00:00', '0', '1', '179'),('88', '300240', '37', '1', '1', '2015-06-26 10:04:37', '2050-01-01 00:00:00', '0', '1', '76'),('89', '300234', '37', '1', '1', '2015-06-26 10:04:37', '2050-01-01 00:00:00', '0', '1', '155'),('90', '300249', '37', '1', '1', '2015-06-26 10:04:37', '2050-01-01 00:00:00', '0', '1', '57'),('91', '400043', '37', '1', '1', '2015-06-26 10:04:37', '2050-01-01 00:00:00', '0', '1', '0'),('92', '400044', '37', '1', '1', '2015-06-26 10:04:37', '2050-01-01 00:00:00', '0', '1', '0'),('93', '400003', '37', '1', '1', '2015-06-26 10:04:37', '2050-01-01 00:00:00', '0', '1', '0'),('94', '400045', '37', '1', '1', '2015-06-26 10:04:37', '2050-01-01 00:00:00', '0', '1', '0'),('95', '400054', '37', '1', '1', '2015-06-26 10:04:37', '2050-01-01 00:00:00', '0', '1', '0'),('96', '400046', '37', '1', '1', '2015-06-26 10:04:37', '2050-01-01 00:00:00', '0', '1', '0'),('97', '400047', '37', '1', '1', '2015-06-26 10:04:37', '2050-01-01 00:00:00', '0', '1', '0'),('98', '400048', '37', '1', '1', '2015-06-26 10:04:37', '2050-01-01 00:00:00', '0', '1', '0'),('99', '400053', '37', '1', '1', '2015-06-26 10:04:37', '2050-01-01 00:00:00', '0', '1', '0'),('100', '400049', '37', '1', '1', '2015-06-26 10:04:37', '2050-01-01 00:00:00', '0', '1', '0'),('101', '400050', '37', '1', '1', '2015-06-26 10:04:37', '2050-01-01 00:00:00', '0', '1', '0'),('102', '400051', '37', '1', '1', '2015-06-26 10:04:37', '2050-01-01 00:00:00', '0', '1', '0'),('103', '400052', '37', '1', '1', '2015-06-26 10:04:37', '2050-01-01 00:00:00', '0', '1', '0'),('104', '300093', '38', '1', '1', '2015-06-26 10:04:37', '2050-01-01 00:00:00', '0', '2', '0'),('105', '300212', '38', '1', '1', '2015-06-26 10:04:37', '2050-01-01 00:00:00', '0', '2', '0'),('106', '300034', '38', '1', '1', '2015-06-26 10:04:37', '2050-01-01 00:00:00', '0', '2', '0'),('107', '300029', '38', '1', '1', '2015-06-26 10:04:37', '2050-01-01 00:00:00', '0', '2', '0'),('108', '300076', '38', '1', '1', '2015-06-26 10:04:37', '2050-01-01 00:00:00', '0', '2', '0'),('109', '300075', '38', '1', '1', '2015-06-26 10:04:37', '2050-01-01 00:00:00', '0', '2', '0'),('110', '300238', '38', '1', '1', '2015-06-26 10:04:37', '2050-01-01 00:00:00', '0', '2', '0'),('111', '300036', '38', '1', '1', '2015-06-26 10:04:37', '2050-01-01 00:00:00', '0', '2', '0'),('112', '300201', '38', '1', '1', '2015-06-26 10:04:37', '2050-01-01 00:00:00', '0', '2', '0'),('113', '300200', '38', '1', '1', '2015-06-26 10:04:37', '2050-01-01 00:00:00', '0', '2', '0'),('114', '300007', '38', '1', '1', '2015-06-26 10:04:37', '2050-01-01 00:00:00', '0', '2', '0'),('115', '300020', '38', '1', '1', '2015-06-26 10:04:37', '2050-01-01 00:00:00', '0', '2', '0'),('116', '300245', '38', '1', '1', '2015-06-26 10:04:37', '2050-01-01 00:00:00', '0', '2', '0'),('117', '300211', '38', '1', '1', '2015-06-26 10:04:37', '2050-01-01 00:00:00', '0', '2', '0'),('118', '300235', '38', '1', '1', '2015-06-26 10:04:37', '2050-01-01 00:00:00', '0', '2', '0'),('119', '300009', '38', '1', '1', '2015-06-26 10:04:37', '2050-01-01 00:00:00', '0', '2', '0'),('120', '300155', '38', '1', '1', '2015-06-26 10:04:37', '2050-01-01 00:00:00', '0', '2', '0'),('121', '300156', '38', '1', '1', '2015-06-26 10:04:37', '2050-01-01 00:00:00', '0', '2', '0'),('122', '300157', '38', '1', '1', '2015-06-26 10:04:37', '2050-01-01 00:00:00', '0', '2', '0'),('123', '300158', '38', '1', '1', '2015-06-26 10:04:37', '2050-01-01 00:00:00', '0', '2', '0'),('124', '300159', '38', '1', '1', '2015-06-26 10:04:37', '2050-01-01 00:00:00', '0', '2', '0'),('125', '300160', '38', '1', '1', '2015-06-26 10:04:37', '2050-01-01 00:00:00', '0', '2', '0'),('126', '300161', '38', '1', '1', '2015-06-26 10:04:37', '2050-01-01 00:00:00', '0', '2', '0'),('127', '300024', '38', '1', '1', '2015-06-26 10:04:37', '2050-01-01 00:00:00', '0', '2', '0'),('128', '300239', '38', '1', '1', '2015-06-26 10:04:37', '2050-01-01 00:00:00', '0', '2', '0'),('129', '300236', '38', '1', '1', '2015-06-26 10:04:37', '2050-01-01 00:00:00', '0', '2', '0'),('130', '300097', '38', '1', '1', '2015-06-26 10:04:37', '2050-01-01 00:00:00', '0', '2', '0'),('131', '300089', '38', '1', '1', '2015-06-26 10:04:37', '2050-01-01 00:00:00', '0', '2', '0'),('132', '300246', '38', '1', '1', '2015-06-26 10:04:37', '2050-01-01 00:00:00', '0', '2', '0'),('133', '300062', '38', '1', '1', '2015-06-26 10:04:37', '2050-01-01 00:00:00', '0', '2', '0'),('134', '300241', '38', '1', '1', '2015-06-26 10:04:37', '2050-01-01 00:00:00', '0', '2', '0'),('135', '300243', '38', '1', '1', '2015-06-26 10:04:37', '2050-01-01 00:00:00', '0', '2', '0'),('136', '300210', '38', '1', '1', '2015-06-26 10:04:37', '2050-01-01 00:00:00', '0', '2', '0'),('137', '300242', '38', '1', '1', '2015-06-26 10:04:37', '2050-01-01 00:00:00', '0', '2', '0'),('138', '300030', '38', '1', '1', '2015-06-26 10:04:37', '2050-01-01 00:00:00', '0', '2', '0'),('139', '300244', '38', '1', '1', '2015-06-26 10:04:37', '2050-01-01 00:00:00', '0', '2', '0'),('140', '300027', '38', '1', '1', '2015-06-26 10:04:37', '2050-01-01 00:00:00', '0', '2', '0'),('141', '300240', '38', '1', '1', '2015-06-26 10:04:37', '2050-01-01 00:00:00', '0', '2', '0'),('142', '300234', '38', '1', '1', '2015-06-26 10:04:37', '2050-01-01 00:00:00', '0', '2', '0'),('143', '300249', '38', '1', '1', '2015-06-26 10:04:37', '2050-01-01 00:00:00', '0', '2', '0'),('145', '400043', '38', '1', '1', '2015-06-26 10:04:37', '2050-01-01 00:00:00', '0', '2', '0'),('146', '400044', '38', '1', '1', '2015-06-26 10:04:37', '2050-01-01 00:00:00', '0', '2', '0'),('147', '400003', '38', '1', '1', '2015-06-26 10:04:37', '2050-01-01 00:00:00', '0', '2', '0'),('148', '400045', '38', '1', '1', '2015-06-26 10:04:37', '2050-01-01 00:00:00', '0', '2', '0'),('149', '400054', '38', '1', '1', '2015-06-26 10:04:37', '2050-01-01 00:00:00', '0', '2', '0'),('150', '400046', '38', '1', '1', '2015-06-26 10:04:37', '2050-01-01 00:00:00', '0', '2', '0'),('151', '400047', '38', '1', '1', '2015-06-26 10:04:37', '2050-01-01 00:00:00', '0', '2', '0'),('152', '400048', '38', '1', '1', '2015-06-26 10:04:37', '2050-01-01 00:00:00', '0', '2', '0'),('153', '400053', '38', '1', '1', '2015-06-26 10:04:37', '2050-01-01 00:00:00', '0', '2', '0'),('154', '400049', '38', '1', '1', '2015-06-26 10:04:37', '2050-01-01 00:00:00', '0', '2', '0'),('155', '400050', '38', '1', '1', '2015-06-26 10:04:37', '2050-01-01 00:00:00', '0', '2', '0'),('156', '400051', '38', '1', '1', '2015-06-26 10:04:37', '2050-01-01 00:00:00', '0', '2', '0'),('157', '400052', '38', '1', '1', '2015-06-26 10:04:37', '2050-01-01 00:00:00', '0', '2', '0'),('158', '0', '39', '1', '0', '2000-01-01 00:00:00', '2050-01-01 00:00:00', '0', '1', '8911'),('159', '0', '55', '2', '1', '2000-01-01 00:00:00', '2050-01-01 00:00:00', '0', '3', '162878'),('160', '300246', '40', '1', '1', '2015-06-26 10:04:37', '2050-01-01 00:00:00', '0', '1', '60'),('161', '300246', '41', '1', '1', '2015-06-26 10:04:37', '2050-01-01 00:00:00', '0', '1', '60'),('166', '6132', '42', '1', '1', '2000-01-01 00:00:00', '2050-01-01 00:00:00', '0', '1', '0'),('167', '6133', '42', '1', '1', '2000-01-01 00:00:00', '2050-01-01 00:00:00', '0', '1', '1'),('168', '6130', '43', '1', '1', '2000-01-01 00:00:00', '2050-01-01 00:00:00', '0', '1', '0'),('169', '6131', '43', '1', '1', '2000-01-01 00:00:00', '2050-01-01 00:00:00', '0', '1', '0'),('170', '0', '44', '1', '1', '2015-01-01 00:00:00', '2050-01-01 00:00:00', '0', '1', '30668'),('171', '6151', '45', '1', '1', '2015-01-01 00:00:00', '2050-01-01 00:00:00', '0', '1', '3'),('172', '6152', '46', '1', '1', '2015-01-01 00:00:00', '2050-01-01 00:00:00', '0', '1', '1'),('173', '6153', '47', '1', '1', '2015-01-01 00:00:00', '2050-01-01 00:00:00', '0', '1', '4'),('174', '6146', '48', '1', '1', '2015-01-01 00:00:00', '2050-01-01 00:00:00', '0', '1', '0'),('175', '300151', '50', '1', '1', '2015-07-03 12:47:36', '2050-01-01 00:00:00', '0', '1', '0'),('176', '300151', '51', '1', '1', '2015-07-03 12:47:47', '2050-01-01 00:00:00', '0', '2', '0'),('177', '300152', '50', '1', '1', '2015-07-03 12:47:36', '2050-01-01 00:00:00', '0', '1', '0'),('178', '300152', '51', '1', '1', '2015-07-03 12:47:47', '2050-01-01 00:00:00', '0', '2', '0'),('179', '0', '50', '1', '1', '2015-07-03 12:47:36', '2050-01-01 00:00:00', '0', '1', '16676'),('180', '0', '51', '1', '1', '2015-07-03 12:47:47', '2050-01-01 00:00:00', '0', '2', '334'),('181', '0', '49', '2', '1', '2015-07-03 12:35:03', '2050-01-01 00:00:00', '0', '3', '163060'),('182', '0', '59', '2', '1', '2015-07-03 12:35:03', '2050-01-01 00:00:00', '0', '3', '78618'),('183', '300151', '60', '1', '1', '2015-07-03 12:47:36', '2050-01-01 00:00:00', '0', '1', '0'),('184', '300152', '60', '1', '1', '2015-07-03 12:47:36', '2050-01-01 00:00:00', '0', '1', '0'),('185', '0', '60', '1', '1', '2015-07-03 12:47:36', '2050-01-01 00:00:00', '0', '1', '8143'),('186', '300151', '61', '1', '1', '2015-07-03 12:47:47', '2050-01-01 00:00:00', '0', '2', '0'),('187', '300152', '61', '1', '1', '2015-07-03 12:47:47', '2050-01-01 00:00:00', '0', '2', '0'),('188', '0', '61', '1', '1', '2015-07-03 12:47:47', '2050-01-01 00:00:00', '0', '2', '141'),('190', '300250', '37', '1', '1', '2015-06-26 10:04:37', '2050-01-01 00:00:00', '0', '1', '2'),('191', '300251', '37', '1', '1', '2015-06-26 10:04:37', '2050-01-01 00:00:00', '0', '1', '2'),('192', '300250', '38', '1', '1', '2015-06-26 10:04:37', '2050-01-01 00:00:00', '0', '2', '0'),('193', '300251', '38', '1', '1', '2015-06-26 10:04:37', '2050-01-01 00:00:00', '0', '2', '0'),('194', '300252', '62', '1', '0', '2000-01-01 00:00:00', '2050-01-01 00:00:00', '0', '3', '0'),('195', '300253', '63', '1', '0', '2000-01-01 00:00:00', '2050-01-01 00:00:00', '0', '3', '0'),('196', '300254', '64', '1', '0', '2000-01-01 00:00:00', '2050-01-01 00:00:00', '0', '3', '0');
/* SYNC TABLE : `pix_pixels` */

insert into `aba_pixel`.`pix_pixels`(`id`, `name`, `snip_code`, `status`) values ('1', 'Test', '<img src=\"//corporate.abaenglish.local/images/zip_grande.png?idPartner={$#idPartner}\">', '3'),('2', 'Remarketing Admeta Web (Vocento) - 5258', '<script type=\'text/javascript\'>\nvar adm_tag=\'\';\ndocument.write(\"<im\"+\"g src=\'//p141.atemda.com/retargettracking.ashx?tpt=0164c51b5e9f4e1cb89dd6178aef4a6e&aId=888483&set=1&tag=\"+escape(adm_tag)+\"&cb=\" + new Date().getTime() + \"\' width=\'1px\' height=\'1px\'></i\" + \"mg>\" );\n</script>', '3'),('3', 'Admeta Campus Lead (Vocento) - 5258', '<script type=\'text/javascript\'>\ndocument.write(\"<im\"+\"g src=\'//p141.atemda.com/retargettracking.ashx?tpt=0164c51b5e9f4e1cb89dd6178aef4a6e&aId=888483&set=0&cb=\" + new Date().getTime() + \"\' width=\'1px\' height=\'1px\'></i\" + \"mg>\" );\n</script>', '3'),('4', 'Conversión DBM PL - 5257', '<!--\nStart of DoubleClick Floodlight Tag: Please do not remove\nActivity name of this tag: Pixel_lead\nURL of the webpage where the tag is expected to be placed: http://abaenglish.com\nThis tag must be placed between the <body> and </body> tags, as close as possible to the opening tag.\nCreation Date: 06/08/2015\n-->\n<script type=\"text/javascript\">\nvar axel = Math.random() + \"\";\nvar a = axel * 10000000000000;\ndocument.write(\'<iframe src=\"https://4905428.fls.doubleclick.net/activityi;src=4905428;type=invmedia;cat=k3bwwe0f;ord=\' + a + \'?\" width=\"1\" height=\"1\" frameborder=\"0\" style=\"display:none\"></iframe>\');\n</script>\n<noscript>\n<iframe src=\"https://4905428.fls.doubleclick.net/activityi;src=4905428;type=invmedia;cat=k3bwwe0f;ord=1?\" width=\"1\" height=\"1\" frameborder=\"0\" style=\"display:none\"></iframe>\n</noscript>\n<!-- End of DoubleClick Floodlight Tag: Please do not remove -->', '3'),('5', 'Bing Stream ADS - 5235', '<script type=\"application/javascript\" src=\"https://s.yimg.com/wi/ytc.js\"></script><script type=\"application/javascript\">YAHOO.ywa.I13N.fireBeacon([{\"projectId\" : \"10001745618548\",\"coloId\" : \"SP\",\"properties\" : {/*\"documentName\" : \"\",*/\"pixelId\" : \"25445\",\"qstrings\" : {}}}]);</script>', '3'),('6', 'PowerSpace ES - 5236', '<iframe width=\"1\" height=\"1\" src=\"//a.pwspace.com/ld?ci=94&e=be1188662159fac&clid={$#idPartner}\"></iframe>', '3'),('7', 'Conversion Admeta (Vocento) - 5233', '<script type=\'text/javascript\'>\n(function(){document.write(\"<im\"+\"g src=\'https://p141.atemda.com/leadtracking.ashx?tpt=c34838283aa543e5a348be968771ec70&aId=888483&cb=\" + new Date().getTime() + \"\' width=\'1px\' height=\'1px\'></i\" + \"mg>\" );})();\n</script>', '3'),('8', 'Lead AT - 5185', '<script type=\"text/javascript\">\n/* <![CDATA[ */\nvar google_conversion_id = 963211041;\nvar google_custom_params = window.google_tag_params;\nvar google_remarketing_only = true;\n/* ]]> */\n</script>\n<script type=\"text/javascript\" src=\"//www.googleadservices.com/pagead/conversion.js\">\n</script>\n<noscript>\n<div style=\"display:inline;\">\n<img height=\"1\" width=\"1\" style=\"border-style:none;\" alt=\"\" src=\"//googleads.g.doubleclick.net/pagead/viewthroughconversion/963211041/?value=0&amp;guid=ON&amp;script=0\"/>\n</div>\n</noscript>', '3'),('9', 'Lead DE - 5185', '<script type=\"text/javascript\">\n/* <![CDATA[ */\nvar google_conversion_id = 966853054;\nvar google_custom_params = window.google_tag_params;\nvar google_remarketing_only = true;\n/* ]]> */\n</script>\n<script type=\"text/javascript\" src=\"//www.googleadservices.com/pagead/conversion.js\">\n</script>\n<noscript>\n<div style=\"display:inline;\">\n<img height=\"1\" width=\"1\" style=\"border-style:none;\" alt=\"\" src=\"//googleads.g.doubleclick.net/pagead/viewthroughconversion/966853054/?value=0&amp;guid=ON&amp;script=0\"/>\n</div>\n</noscript>', '3'),('10', 'AdRoll (Conversión y RMK) - 5287', '<script type=\"text/javascript\">\nadroll_adv_id = \"I5OQALAHVZE2XAVKD2DKFG\";\nadroll_pix_id = \"T2S2DRGP6BFI5O3SSZBKKX\";\n(function () {\nvar oldonload = window.onload;\nwindow.onload = function(){\n   __adroll_loaded=true;\n   var scr = document.createElement(\"script\");\n   var host = ((\"https:\" == document.location.protocol) ? \"https://s.adroll.com\" : \"http://a.adroll.com\");\n   scr.setAttribute(\'async\', \'true\');\n   scr.type = \"text/javascript\";\n   scr.src = host + \"/j/roundtrip.js\";\n   ((document.getElementsByTagName(\'head\') || [null])[0] ||\n    document.getElementsByTagName(\'script\')[0].parentNode).appendChild(scr);\n   if(oldonload){oldonload()}};\n}());\n</script>', '3'),('11', 'AdWords UA Lead - 5320', '<!-- Google Code for Lead UA Conversion Page -->\n<script type=\"text/javascript\">\n/* <![CDATA[ */\nvar google_conversion_id = 943544178;\nvar google_conversion_language = \"en\";\nvar google_conversion_format = \"3\";\nvar google_conversion_color = \"ffffff\";\nvar google_conversion_label = \"3HIgCNi94F0Q8q71wQM\";\nvar google_remarketing_only = false;\n/* ]]> */\n</script>\n<script type=\"text/javascript\" src=\"//www.googleadservices.com/pagead/conversion.js\">\n</script>\n<noscript>\n<div style=\"display:inline;\">\n<img height=\"1\" width=\"1\" style=\"border-style:none;\" alt=\"\" src=\"//www.googleadservices.com/pagead/conversion/943544178/?label=3HIgCNi94F0Q8q71wQM&amp;guid=ON&amp;script=0\"/>\n</div>\n</noscript>', '3'),('12', 'AdWords PA Lead - 5320', '<!-- Google Code for Lead PA Conversion Page -->\n<script type=\"text/javascript\">\n/* <![CDATA[ */\nvar google_conversion_id = 948191762;\nvar google_conversion_language = \"en\";\nvar google_conversion_format = \"3\";\nvar google_conversion_color = \"ffffff\";\nvar google_conversion_label = \"nU-gCOGp1l0QkoSRxAM\";\nvar google_remarketing_only = false;\n/* ]]> */\n</script>\n<script type=\"text/javascript\" src=\"//www.googleadservices.com/pagead/conversion.js\">\n</script>\n<noscript>\n<div style=\"display:inline;\">\n<img height=\"1\" width=\"1\" style=\"border-style:none;\" alt=\"\" src=\"//www.googleadservices.com/pagead/conversion/948191762/?label=nU-gCOGp1l0QkoSRxAM&amp;guid=ON&amp;script=0\"/>\n</div>\n</noscript>', '3'),('13', 'AdWords TR Lead - 5320', '<!-- Google Code for Lead TR Conversion Page -->\n<script type=\"text/javascript\">\n/* <![CDATA[ */\nvar google_conversion_id = 946902707;\nvar google_conversion_language = \"en\";\nvar google_conversion_format = \"3\";\nvar google_conversion_color = \"ffffff\";\nvar google_conversion_label = \"ysyECOul210Qs63CwwM\";\nvar google_remarketing_only = false;\n/* ]]> */\n</script>\n<script type=\"text/javascript\" src=\"//www.googleadservices.com/pagead/conversion.js\">\n</script>\n<noscript>\n<div style=\"display:inline;\">\n<img height=\"1\" width=\"1\" style=\"border-style:none;\" alt=\"\" src=\"//www.googleadservices.com/pagead/conversion/946902707/?label=ysyECOul210Qs63CwwM&amp;guid=ON&amp;script=0\"/>\n</div>\n</noscript>', '3'),('14', 'AdWords RU Lead - 5320', '<!-- Google Code for Lead RU Conversion Page -->\n<script type=\"text/javascript\">\n/* <![CDATA[ */\nvar google_conversion_id = 951793313;\nvar google_conversion_language = \"en\";\nvar google_conversion_format = \"3\";\nvar google_conversion_color = \"ffffff\";\nvar google_conversion_label = \"3uDzCKun210Qoe3sxQM\";\nvar google_remarketing_only = false;\n/* ]]> */\n</script>\n<script type=\"text/javascript\" src=\"//www.googleadservices.com/pagead/conversion.js\">\n</script>\n<noscript>\n<div style=\"display:inline;\">\n<img height=\"1\" width=\"1\" style=\"border-style:none;\" alt=\"\" src=\"//www.googleadservices.com/pagead/conversion/951793313/?label=3uDzCKun210Qoe3sxQM&amp;guid=ON&amp;script=0\"/>\n</div>\n</noscript>', '3'),('15', 'AdWords HN Lead - 5320', '<!-- Google Code for Lead HN Conversion Page -->\n<script type=\"text/javascript\">\n/* <![CDATA[ */\nvar google_conversion_id = 941843730;\nvar google_conversion_language = \"en\";\nvar google_conversion_format = \"3\";\nvar google_conversion_color = \"ffffff\";\nvar google_conversion_label = \"3iwACLTD4F0QksqNwQM\";\nvar google_remarketing_only = false;\n/* ]]> */\n</script>\n<script type=\"text/javascript\" src=\"//www.googleadservices.com/pagead/conversion.js\">\n</script>\n<noscript>\n<div style=\"display:inline;\">\n<img height=\"1\" width=\"1\" style=\"border-style:none;\" alt=\"\" src=\"//www.googleadservices.com/pagead/conversion/941843730/?label=3iwACLTD4F0QksqNwQM&amp;guid=ON&amp;script=0\"/>\n</div>\n</noscript>', '3'),('16', 'AdWords UA Conversion - 5320', '<!-- Google Code for Compra UA Conversion Page -->\n<script type=\"text/javascript\">\n/* <![CDATA[ */\nvar google_conversion_id = 943544178;\nvar google_conversion_language = \"en\";\nvar google_conversion_format = \"3\";\nvar google_conversion_color = \"ffffff\";\nvar google_conversion_label = \"jvYZCI2s1l0Q8q71wQM\";\nvar google_remarketing_only = false;\n/* ]]> */\n</script>\n<script type=\"text/javascript\" src=\"//www.googleadservices.com/pagead/conversion.js\">\n</script>\n<noscript>\n<div style=\"display:inline;\">\n<img height=\"1\" width=\"1\" style=\"border-style:none;\" alt=\"\" src=\"//www.googleadservices.com/pagead/conversion/943544178/?label=jvYZCI2s1l0Q8q71wQM&amp;guid=ON&amp;script=0\"/>\n</div>\n</noscript>', '3'),('17', 'AdWords PA Conversion - 5320', '<!-- Google Code for Compra PA Conversion Page -->\n<script type=\"text/javascript\">\n/* <![CDATA[ */\nvar google_conversion_id = 948191762;\nvar google_conversion_language = \"en\";\nvar google_conversion_format = \"3\";\nvar google_conversion_color = \"ffffff\";\nvar google_conversion_label = \"bRQTCM-94F0QkoSRxAM\";\nvar google_remarketing_only = false;\n/* ]]> */\n</script>\n<script type=\"text/javascript\" src=\"//www.googleadservices.com/pagead/conversion.js\">\n</script>\n<noscript>\n<div style=\"display:inline;\">\n<img height=\"1\" width=\"1\" style=\"border-style:none;\" alt=\"\" src=\"//www.googleadservices.com/pagead/conversion/948191762/?label=bRQTCM-94F0QkoSRxAM&amp;guid=ON&amp;script=0\"/>\n</div>\n</noscript>', '3'),('18', 'AdWords TR Conversion - 5320', '<!-- Google Code for Compra TR Conversion Page -->\n<script type=\"text/javascript\">\n/* <![CDATA[ */\nvar google_conversion_id = 946902707;\nvar google_conversion_language = \"en\";\nvar google_conversion_format = \"3\";\nvar google_conversion_color = \"ffffff\";\nvar google_conversion_label = \"OkedCJyk210Qs63CwwM\";\nvar google_remarketing_only = false;\n/* ]]> */\n</script>\n<script type=\"text/javascript\" src=\"//www.googleadservices.com/pagead/conversion.js\">\n</script>\n<noscript>\n<div style=\"display:inline;\">\n<img height=\"1\" width=\"1\" style=\"border-style:none;\" alt=\"\" src=\"//www.googleadservices.com/pagead/conversion/946902707/?label=OkedCJyk210Qs63CwwM&amp;guid=ON&amp;script=0\"/>\n</div>\n</noscript>', '3'),('19', 'AdWords RU Conversion - 5320', '<!-- Google Code for Compra RU Conversion Page -->\n<script type=\"text/javascript\">\n/* <![CDATA[ */\nvar google_conversion_id = 951793313;\nvar google_conversion_language = \"en\";\nvar google_conversion_format = \"3\";\nvar google_conversion_color = \"ffffff\";\nvar google_conversion_label = \"_4TqCOPC4F0Qoe3sxQM\";\nvar google_remarketing_only = false;\n/* ]]> */\n</script>\n<script type=\"text/javascript\" src=\"//www.googleadservices.com/pagead/conversion.js\">\n</script>\n<noscript>\n<div style=\"display:inline;\">\n<img height=\"1\" width=\"1\" style=\"border-style:none;\" alt=\"\" src=\"//www.googleadservices.com/pagead/conversion/951793313/?label=_4TqCOPC4F0Qoe3sxQM&amp;guid=ON&amp;script=0\"/>\n</div>\n</noscript>', '3'),('20', 'AdWords HN Conversion - 5320', '<!-- Google Code for Compra HN Conversion Page -->\n<script type=\"text/javascript\">\n/* <![CDATA[ */\nvar google_conversion_id = 941843730;\nvar google_conversion_language = \"en\";\nvar google_conversion_format = \"3\";\nvar google_conversion_color = \"ffffff\";\nvar google_conversion_label = \"JcwcCNHC4F0QksqNwQM\";\nvar google_remarketing_only = false;\n/* ]]> */\n</script>\n<script type=\"text/javascript\" src=\"//www.googleadservices.com/pagead/conversion.js\">\n</script>\n<noscript>\n<div style=\"display:inline;\">\n<img height=\"1\" width=\"1\" style=\"border-style:none;\" alt=\"\" src=\"//www.googleadservices.com/pagead/conversion/941843730/?label=JcwcCNHC4F0QksqNwQM&amp;guid=ON&amp;script=0\"/>\n</div>\n</noscript>', '3'),('21', 'AdWords Lead PY - 5317', '<!-- Google Code for Lead PY Conversion Page -->\n<script type=\"text/javascript\">\n/* <![CDATA[ */\nvar google_conversion_id = 944681911;\nvar google_conversion_language = \"en\";\nvar google_conversion_format = \"3\";\nvar google_conversion_color = \"ffffff\";\nvar google_conversion_label = \"B4VvCMCZ4F0Qt-e6wgM\";\nvar google_remarketing_only = false;\n/* ]]> */\n</script>\n<script type=\"text/javascript\" src=\"//www.googleadservices.com/pagead/conversion.js\">\n</script>\n<noscript>\n<div style=\"display:inline;\">\n<img height=\"1\" width=\"1\" style=\"border-style:none;\" alt=\"\" src=\"//www.googleadservices.com/pagead/conversion/944681911/?label=B4VvCMCZ4F0Qt-e6wgM&amp;guid=ON&amp;script=0\"/>\n</div>\n</noscript>', '3'),('22', 'AdWords Conversion PY - 5317', '<!-- Google Code for Compra PY Conversion Page -->\n<script type=\"text/javascript\">\n/* <![CDATA[ */\nvar google_conversion_id = 944681911;\nvar google_conversion_language = \"en\";\nvar google_conversion_format = \"3\";\nvar google_conversion_color = \"ffffff\";\nvar google_conversion_label = \"yR6tCMj82l0Qt-e6wgM\";\nvar google_remarketing_only = false;\n/* ]]> */\n</script>\n<script type=\"text/javascript\" src=\"//www.googleadservices.com/pagead/conversion.js\">\n</script>\n<noscript>\n<div style=\"display:inline;\">\n<img height=\"1\" width=\"1\" style=\"border-style:none;\" alt=\"\" src=\"//www.googleadservices.com/pagead/conversion/944681911/?label=yR6tCMj82l0Qt-e6wgM&amp;guid=ON&amp;script=0\"/>\n</div>\n</noscript>', '3'),('23', 'AdWords Lead CR - 5319', '<!-- Google Code for Lead CR Conversion Page -->\n<script type=\"text/javascript\">\n/* <![CDATA[ */\nvar google_conversion_id = 959161342;\nvar google_conversion_language = \"en\";\nvar google_conversion_format = \"3\";\nvar google_conversion_color = \"ffffff\";\nvar google_conversion_label = \"6XWbCI2J210Q_seuyQM\";\nvar google_remarketing_only = false;\n/* ]]> */\n</script>\n<script type=\"text/javascript\" src=\"//www.googleadservices.com/pagead/conversion.js\">\n</script>\n<noscript>\n<div style=\"display:inline;\">\n<img height=\"1\" width=\"1\" style=\"border-style:none;\" alt=\"\" src=\"//www.googleadservices.com/pagead/conversion/959161342/?label=6XWbCI2J210Q_seuyQM&amp;guid=ON&amp;script=0\"/>\n</div>\n</noscript>', '3'),('24', 'AdWords Lead GR - 5319', '<!-- Google Code for Lead GR Conversion Page -->\n<script type=\"text/javascript\">\n/* <![CDATA[ */\nvar google_conversion_id = 958136290;\nvar google_conversion_language = \"en\";\nvar google_conversion_format = \"3\";\nvar google_conversion_color = \"ffffff\";\nvar google_conversion_label = \"WcVrCJ-94F0Q4v_vyAM\";\nvar google_remarketing_only = false;\n/* ]]> */\n</script>\n<script type=\"text/javascript\" src=\"//www.googleadservices.com/pagead/conversion.js\">\n</script>\n<noscript>\n<div style=\"display:inline;\">\n<img height=\"1\" width=\"1\" style=\"border-style:none;\" alt=\"\" src=\"//www.googleadservices.com/pagead/conversion/958136290/?label=WcVrCJ-94F0Q4v_vyAM&amp;guid=ON&amp;script=0\"/>\n</div>\n</noscript>', '3'),('25', 'AdWords Lead NI - 5319', '<!-- Google Code for Lead NI Conversion Page -->\n<script type=\"text/javascript\">\n/* <![CDATA[ */\nvar google_conversion_id = 946287926;\nvar google_conversion_language = \"en\";\nvar google_conversion_format = \"3\";\nvar google_conversion_color = \"ffffff\";\nvar google_conversion_label = \"kjB1CPGm4F0QtuqcwwM\";\nvar google_remarketing_only = false;\n/* ]]> */\n</script>\n<script type=\"text/javascript\" src=\"//www.googleadservices.com/pagead/conversion.js\">\n</script>\n<noscript>\n<div style=\"display:inline;\">\n<img height=\"1\" width=\"1\" style=\"border-style:none;\" alt=\"\" src=\"//www.googleadservices.com/pagead/conversion/946287926/?label=kjB1CPGm4F0QtuqcwwM&amp;guid=ON&amp;script=0\"/>\n</div>\n</noscript>', '3'),('26', 'AdWords Lead UY - 5319', '<!-- Google Code for Lead UY Conversion Page -->\n<script type=\"text/javascript\">\n/* <![CDATA[ */\nvar google_conversion_id = 958187290;\nvar google_conversion_language = \"en\";\nvar google_conversion_format = \"3\";\nvar google_conversion_color = \"ffffff\";\nvar google_conversion_label = \"Bx-6CPKW1l0Qmo7zyAM\";\nvar google_remarketing_only = false;\n/* ]]> */\n</script>\n<script type=\"text/javascript\" src=\"//www.googleadservices.com/pagead/conversion.js\">\n</script>\n<noscript>\n<div style=\"display:inline;\">\n<img height=\"1\" width=\"1\" style=\"border-style:none;\" alt=\"\" src=\"//www.googleadservices.com/pagead/conversion/958187290/?label=Bx-6CPKW1l0Qmo7zyAM&amp;guid=ON&amp;script=0\"/>\n</div>\n</noscript>', '3'),('27', 'AdWords Lead VE - 5319', '<!-- Google Code for Lead VE Conversion Page -->\n<script type=\"text/javascript\">\n/* <![CDATA[ */\nvar google_conversion_id = 948191882;\nvar google_conversion_language = \"en\";\nvar google_conversion_format = \"3\";\nvar google_conversion_color = \"ffffff\";\nvar google_conversion_label = \"kHqlCN6o4F0QioWRxAM\";\nvar google_remarketing_only = false;\n/* ]]> */\n</script>\n<script type=\"text/javascript\" src=\"//www.googleadservices.com/pagead/conversion.js\">\n</script>\n<noscript>\n<div style=\"display:inline;\">\n<img height=\"1\" width=\"1\" style=\"border-style:none;\" alt=\"\" src=\"//www.googleadservices.com/pagead/conversion/948191882/?label=kHqlCN6o4F0QioWRxAM&amp;guid=ON&amp;script=0\"/>\n</div>\n</noscript>', '3'),('28', 'AdWords Conversion VE - 5319', '<!-- Google Code for Compra VE Conversion Page -->\n<script type=\"text/javascript\">\n/* <![CDATA[ */\nvar google_conversion_id = 948191882;\nvar google_conversion_language = \"en\";\nvar google_conversion_format = \"3\";\nvar google_conversion_color = \"ffffff\";\nvar google_conversion_label = \"Tcr3CLOq4F0QioWRxAM\";\nvar google_remarketing_only = false;\n/* ]]> */\n</script>\n<script type=\"text/javascript\" src=\"//www.googleadservices.com/pagead/conversion.js\">\n</script>\n<noscript>\n<div style=\"display:inline;\">\n<img height=\"1\" width=\"1\" style=\"border-style:none;\" alt=\"\" src=\"//www.googleadservices.com/pagead/conversion/948191882/?label=Tcr3CLOq4F0QioWRxAM&amp;guid=ON&amp;script=0\"/>\n</div>\n</noscript>', '3'),('29', 'AdWords Conversion CR - 5319', '<!-- Google Code for Compra CR Conversion Page -->\n<script type=\"text/javascript\">\n/* <![CDATA[ */\nvar google_conversion_id = 959161342;\nvar google_conversion_language = \"en\";\nvar google_conversion_format = \"3\";\nvar google_conversion_color = \"ffffff\";\nvar google_conversion_label = \"HmK4CNOH210Q_seuyQM\";\nvar google_remarketing_only = false;\n/* ]]> */\n</script>\n<script type=\"text/javascript\" src=\"//www.googleadservices.com/pagead/conversion.js\">\n</script>\n<noscript>\n<div style=\"display:inline;\">\n<img height=\"1\" width=\"1\" style=\"border-style:none;\" alt=\"\" src=\"//www.googleadservices.com/pagead/conversion/959161342/?label=HmK4CNOH210Q_seuyQM&amp;guid=ON&amp;script=0\"/>\n</div>\n</noscript>', '3'),('30', 'AdWords Conversion GR - 5319', '<!-- Google Code for Compra GR Conversion Page -->\n<script type=\"text/javascript\">\n/* <![CDATA[ */\nvar google_conversion_id = 958136290;\nvar google_conversion_language = \"en\";\nvar google_conversion_format = \"3\";\nvar google_conversion_color = \"ffffff\";\nvar google_conversion_label = \"aWSKCMKr1l0Q4v_vyAM\";\nvar google_remarketing_only = false;\n/* ]]> */\n</script>\n<script type=\"text/javascript\" src=\"//www.googleadservices.com/pagead/conversion.js\">\n</script>\n<noscript>\n<div style=\"display:inline;\">\n<img height=\"1\" width=\"1\" style=\"border-style:none;\" alt=\"\" src=\"//www.googleadservices.com/pagead/conversion/958136290/?label=aWSKCMKr1l0Q4v_vyAM&amp;guid=ON&amp;script=0\"/>\n</div>\n</noscript>', '3'),('31', 'AdWords Conversion NI - 5319', '<!-- Google Code for Compra NI Conversion Page -->\n<script type=\"text/javascript\">\n/* <![CDATA[ */\nvar google_conversion_id = 946287926;\nvar google_conversion_language = \"en\";\nvar google_conversion_format = \"3\";\nvar google_conversion_color = \"ffffff\";\nvar google_conversion_label = \"QGYqCPWk4F0QtuqcwwM\";\nvar google_remarketing_only = false;\n/* ]]> */\n</script>\n<script type=\"text/javascript\" src=\"//www.googleadservices.com/pagead/conversion.js\">\n</script>\n<noscript>\n<div style=\"display:inline;\">\n<img height=\"1\" width=\"1\" style=\"border-style:none;\" alt=\"\" src=\"//www.googleadservices.com/pagead/conversion/946287926/?label=QGYqCPWk4F0QtuqcwwM&amp;guid=ON&amp;script=0\"/>\n</div>\n</noscript>', '3'),('32', 'AdWords Conversion UY - 5319', '<!-- Google Code for Compra UY Conversion Page -->\n<script type=\"text/javascript\">\n/* <![CDATA[ */\nvar google_conversion_id = 958187290;\nvar google_conversion_language = \"en\";\nvar google_conversion_format = \"3\";\nvar google_conversion_color = \"ffffff\";\nvar google_conversion_label = \"pIWiCNOm4F0Qmo7zyAM\";\nvar google_remarketing_only = false;\n/* ]]> */\n</script>\n<script type=\"text/javascript\" src=\"//www.googleadservices.com/pagead/conversion.js\">\n</script>\n<noscript>\n<div style=\"display:inline;\">\n<img height=\"1\" width=\"1\" style=\"border-style:none;\" alt=\"\" src=\"//www.googleadservices.com/pagead/conversion/958187290/?label=pIWiCNOm4F0Qmo7zyAM&amp;guid=ON&amp;script=0\"/>\n</div>\n</noscript>', '3'),('33', 'Clickpoint DE Single -5374', '<!-- CLICKPOINT TRACKING CODE START --> <img src=\'https://de.clickpoint.com/db/lead.cp?merchant=ABADE&payout=FAL&transid={$#idUser}&des=\' width=\'1\' height=\'1\' border=\'0\'> <!-- CLICKPOINT TRACKING CODE END -->', '3'),('34', 'Pixel Impacting ES - 5387', '<img src=\"http://impacting.go2cloud.org/aff_l?offer_id=568&adv_sub={$#idUser}\" width=\"1\" height=\"1\" />', '3'),('35', 'Pixel Impacting FR - 5387', '<img src=\"http://impacting.go2cloud.org/aff_l?offer_id=570&adv_sub={$#idUser}\" width=\"1\" height=\"1\" />', '3'),('36', 'Pixel Impacting IT - 5387', '<img src=\"http://impacting.go2cloud.org/aff_l?offer_id=572&adv_sub={$#idUser}\" width=\"1\" height=\"1\" />', '3'),('37', 'Adwords Lead - 5390', '<!-- Google Code for Lead Conversion Conversion Page -->\n<script type=\"text/javascript\">\n/* <![CDATA[ */\nvar google_conversion_id = 1050114651;\nvar google_conversion_language = \"en\";\nvar google_conversion_format = \"3\";\nvar google_conversion_color = \"ffffff\";\nvar google_conversion_label = \"GWk8CNnO8l0Q2_Td9AM\";\nvar google_remarketing_only = false;\n/* ]]> */\n</script>\n<script type=\"text/javascript\" src=\"//www.googleadservices.com/pagead/conversion.js\">\n</script>\n<noscript>\n<div style=\"display:inline;\">\n<img height=\"1\" width=\"1\" style=\"border-style:none;\" alt=\"\" src=\"//www.googleadservices.com/pagead/conversion/1050114651/?label=GWk8CNnO8l0Q2_Td9AM&amp;guid=ON&amp;script=0\"/>\n</div>\n</noscript>', '3'),('38', 'Adwords Conversion - 5390', '?<!-- Google Code for Premium Conversion Conversion Page -->\n<script type=\"text/javascript\">\n/* <![CDATA[ */\nvar google_conversion_id = 1050114651;\nvar google_conversion_language = \"en\";\nvar google_conversion_format = \"3\";\nvar google_conversion_color = \"ffffff\";\nvar google_conversion_label = \"vETsCMH07V0Q2_Td9AM\";\nvar google_remarketing_only = false;\n/* ]]> */\n</script>\n<script type=\"text/javascript\" src=\"//www.googleadservices.com/pagead/conversion.js\">\n</script>\n<noscript>\n<div style=\"display:inline;\">\n<img height=\"1\" width=\"1\" style=\"border-style:none;\" alt=\"\" src=\"//www.googleadservices.com/pagead/conversion/1050114651/?label=vETsCMH07V0Q2_Td9AM&amp;guid=ON&amp;script=0\"/>\n</div>\n</noscript>', '3'),('39', 'Yandex RU', '<!-- Yandex.Metrika counter --><script type=\"text/javascript\">(function (d, w, c){(w[c]=w[c] || []).push(function(){try{w.yaCounter30139584=new Ya.Metrika({id:30139584, clickmap:true, trackLinks:true, accurateTrackBounce:true, webvisor:true});}catch(e){}}); var n=d.getElementsByTagName(\"script\")[0], s=d.createElement(\"script\"), f=function (){n.parentNode.insertBefore(s, n);}; s.type=\"text/javascript\"; s.async=true; s.src=\"https://mc.yandex.ru/metrika/watch.js\"; if (w.opera==\"[object Opera]\"){d.addEventListener(\"DOMContentLoaded\", f, false);}else{f();}})(document, window, \"yandex_metrika_callbacks\");</script><noscript><div><img src=\"https://mc.yandex.ru/watch/30139584\" style=\"position:absolute; left:-9999px;\" alt=\"\"/></div></noscript><!-- /Yandex.Metrika counter -->', '3'),('40', 'Adwords Lead PR - 5353', '<!-- Google Code for Lead PR Conversion Page -->\n<script type=\"text/javascript\">\n/* <![CDATA[ */\nvar google_conversion_id = 946106022;\nvar google_conversion_language = \"en\";\nvar google_conversion_format = \"3\";\nvar google_conversion_color = \"ffffff\";\nvar google_conversion_label = \"XZk0COuw6l0Qpt2RwwM\";\nvar google_remarketing_only = false;\n/* ]]> */\n</script>\n<script type=\"text/javascript\" src=\"//www.googleadservices.com/pagead/conversion.js\">\n</script>\n<noscript>\n<div style=\"display:inline;\">\n<img height=\"1\" width=\"1\" style=\"border-style:none;\" alt=\"\" src=\"//www.googleadservices.com/pagead/conversion/946106022/?label=XZk0COuw6l0Qpt2RwwM&amp;guid=ON&amp;script=0\"/>\n</div>\n</noscript>', '3'),('41', 'Adwords Conversion PR - 5353', '<!-- Google Code for Compra PR Conversion Page -->\n<script type=\"text/javascript\">\n/* <![CDATA[ */\nvar google_conversion_id = 946106022;\nvar google_conversion_language = \"en\";\nvar google_conversion_format = \"3\";\nvar google_conversion_color = \"ffffff\";\nvar google_conversion_label = \"Kn54CIzJ310Qpt2RwwM\";\nvar google_remarketing_only = false;\n/* ]]> */\n</script>\n<script type=\"text/javascript\" src=\"//www.googleadservices.com/pagead/conversion.js\">\n</script>\n<noscript>\n<div style=\"display:inline;\">\n<img height=\"1\" width=\"1\" style=\"border-style:none;\" alt=\"\" src=\"//www.googleadservices.com/pagead/conversion/946106022/?label=Kn54CIzJ310Qpt2RwwM&amp;guid=ON&amp;script=0\"/>\n</div>\n</noscript>', '3'),('42', 'Belboon FR - 5435', '<img src=\"https://www1.belboon.de/adtracking/lead/000021172.gif/oc={$#idUser}&lead=1&belboon=xxxx,yyyy\" border=\"0\" width=\"1\" height=\"1\" alt=\"\" id=\"bbconv\"/><object class=\"flash\" type=\"application/x-shockwave-flash\" data=\"https://www1.belboon.de/adtracking/flash.swf\" width=\"1\" height=\"1\" ><param name=\"flashvars\" value=\"pgmid=000021172&etype=lead&tparam=lead&evalue=1&oc={$#idUser}\"><param name=\"movie\" value=\"https://www1.belboon.de/adtracking/flash.swf\" /></object><script src=\"https://www1.belboon.de/adtracking/conversion.jssl\"></script>', '3'),('43', 'Belboon DE - 5435', '<img src=\"https://www1.belboon.de/adtracking/lead/000021174.gif/oc={$#idUser}&lead=1&belboon=xxxx,yyyy\" border=\"0\" width=\"1\" height=\"1\" alt=\"\" id=\"bbconv\"/><object class=\"flash\" type=\"application/x-shockwave-flash\" data=\"https://www1.belboon.de/adtracking/flash.swf\" width=\"1\" height=\"1\" ><param name=\"flashvars\" value=\"pgmid=000021174&etype=lead&tparam=lead&evalue=1&oc={$#idUser}\"><param name=\"movie\" value=\"https://www1.belboon.de/adtracking/flash.swf\" /></object><script src=\"https://www1.belboon.de/adtracking/conversion.jssl\"></script>', '3'),('44', 'AdRoll Remarketing - 5287', '<script type=\"text/javascript\">\nadroll_adv_id = \"I5OQALAHVZE2XAVKD2DKFG\";\nadroll_pix_id = \"T2S2DRGP6BFI5O3SSZBKKX\";\n(function () {\nvar oldonload = window.onload;\nwindow.onload = function(){\n__adroll_loaded=true;\nvar scr = document.createElement(\"script\");\nvar host = ((\"https:\" == document.location.protocol) ? \"https://s.adroll.com\" : \"http://a.adroll.com\");\nscr.setAttribute(\"async\", \"true\");\nscr.type = \"text/javascript\";\nscr.src = host + \"/j/roundtrip.js\";\n((document.getElementsByTagName(\"head\") || [null])[0] ||\ndocument.getElementsByTagName(\"script\")[0].parentNode).appendChild(scr);\nif(oldonload){oldonload()}};\n}());\n</script>', '3'),('45', 'Pixel Clickpoint ES - 5472', '<!-- CLICKPOINT TRACKING CODE START --><img src=\'https://es.clickpoint.com/db/lead.cp?merchant=ESABARTB&payout=GOW&transid={$#idUser}&des=ABARegistration\' width=\'1\' height=\'1\' border=\'0\'><!-- CLICKPOINT TRACKING CODE END -->', '3'),('46', 'Pixel Clickpoint FR - 5472', '<!-- CLICKPOINT TRACKING CODE START --><img src=\'https://fr.clickpoint.com/db/lead.cp?merchant=FRABARTB&payout=B5S&transid={$#idUser}&des=ABARegistration\' width=\'1\' height=\'1\' border=\'0\'><!-- CLICKPOINT TRACKING CODE END -->', '3'),('47', 'Pixel Clickpoint IT - 5472', '<!-- CLICKPOINT TRACKING CODE START --><img src=\'https://it.clickpoint.com/db/lead.cp?merchant=ITABARTB&payout=P5F&transid={$#idUser}&des=ABARegistration\' width=\'1\' height=\'1\' border=\'0\'><!-- CLICKPOINT TRACKING CODE END -->', '3'),('48', 'Addoor Nativeads MX - 5478', '<!-- Addoor conv pixel for ABA Mexico --><img src=\'https://p214.atemda.com/leadtracking.ashx?tpt=1b44c5c9d9b5474eb52e2b18ce1d4821&aId=3635401&cb=12345678\' width=\'1\' height=\'1\' border=\'0\' alt=\'\' /><!-- End Addoor conv pixel for ABA Mexico -->', '3'),('49', 'Criteo Web FR - 5494', '<script type=\"text/javascript\" src=\"//static.criteo.net/js/ld/ld.js\" async=\"true\"></script>\n<script type=\"text/javascript\">\n  window.criteo_q = window.criteo_q || [];\n  window.criteo_q.push(\n    { event: \"setAccount\", account: 21469 },\n    { event: \"setHashedEmail\", email: \"\" },\n    { event: \"setSiteType\", type: \"{$@deviceType}\" },\n    { event: \"viewHome\", user_segment:\"\" },\n    { event: \"viewItem\", item: \"1\" }\n  );\n</script>', '3'),('50', 'Criteo Lead FR - 5494', '<script type=\"text/javascript\" src=\"//static.criteo.net/js/ld/ld.js\" async=\"true\"></script>\n            <script type=\"text/javascript\">\n            window.criteo_q = window.criteo_q || [];\n            window.criteo_q.push(\n            { event: \"setAccount\", account: 21469 },\n            { event: \"setHashedEmail\", email: \"{$@emailUser}\" },\n            { event: \"setSiteType\", type: \"{$@deviceType}\" },\n            { event: \"trackTransaction\" , id: {$#idUser}, deduplication: {$#samePartner}, item: [\n            { id: \"1\", price: 0, quantity: 1}\n            ]});\n            </script>', '3'),('51', 'Criteo Conversion FR - 5494', '<script type=\"text/javascript\" src=\"//static.criteo.net/js/ld/ld.js\" async=\"true\"></script>\n            <script type=\"text/javascript\">\n            window.criteo_q = window.criteo_q || [];\n            window.criteo_q.push(\n            { event: \"setAccount\", account: 21469},\n            { event: \"setHashedEmail\", email: \"{$@emailUser}\" },\n            { event: \"setSiteType\", type: \"{$@deviceType}\" },\n            { event: \"trackTransaction\" , id: {$#idUser}, deduplication: {$#samePartner}, item: [\n            { id: \"1\", price: 0, quantity: 1}\n            ]});\n            </script>', '3'),('52', 'Remarketing Web AT - 5185', '<script type=\"text/javascript\">\n/* <![CDATA[ */\nvar google_conversion_id = 963211041;\nvar google_custom_params = window.google_tag_params;\nvar google_remarketing_only = true;\n/* ]]> */\n</script>\n<script type=\"text/javascript\" src=\"//www.googleadservices.com/pagead/conversion.js\">\n</script>\n<noscript>\n<div style=\"display:inline;\">\n<img height=\"1\" width=\"1\" style=\"border-style:none;\" alt=\"\" src=\"//googleads.g.doubleclick.net/pagead/viewthroughconversion/963211041/?value=0&amp;guid=ON&amp;script=0\"/>\n</div>\n</noscript>', '3'),('53', 'Remarketing Web DE - 5185', '<script type=\"text/javascript\">\n/* <![CDATA[ */\nvar google_conversion_id = 966853054;\nvar google_custom_params = window.google_tag_params;\nvar google_remarketing_only = true;\n/* ]]> */\n</script>\n<script type=\"text/javascript\" src=\"//www.googleadservices.com/pagead/conversion.js\">\n</script>\n<noscript>\n<div style=\"display:inline;\">\n<img height=\"1\" width=\"1\" style=\"border-style:none;\" alt=\"\" src=\"//googleads.g.doubleclick.net/pagead/viewthroughconversion/966853054/?value=0&amp;guid=ON&amp;script=0\"/>\n</div>\n</noscript>', '3'),('54', 'AdRoll (Conversión y RMK) - 5287', '<script type=\"text/javascript\">\nadroll_adv_id = \"I5OQALAHVZE2XAVKD2DKFG\";\nadroll_pix_id = \"T2S2DRGP6BFI5O3SSZBKKX\";\n(function () {\nvar oldonload = window.onload;\nwindow.onload = function(){\n   __adroll_loaded=true;\n   var scr = document.createElement(\"script\");\n   var host = ((\"https:\" == document.location.protocol) ? \"https://s.adroll.com\" : \"http://a.adroll.com\");\n   scr.setAttribute(\'async\', \'true\');\n   scr.type = \"text/javascript\";\n   scr.src = host + \"/j/roundtrip.js\";\n   ((document.getElementsByTagName(\'head\') || [null])[0] ||\n    document.getElementsByTagName(\'script\')[0].parentNode).appendChild(scr);\n   if(oldonload){oldonload()}};\n}());\n</script>', '3'),('55', 'Yandex RU', '<!-- Yandex.Metrika counter --><script type=\"text/javascript\">(function (d, w, c){(w[c]=w[c] || []).push(function(){try{w.yaCounter30139584=new Ya.Metrika({id:30139584, clickmap:true, trackLinks:true, accurateTrackBounce:true, webvisor:true});}catch(e){}}); var n=d.getElementsByTagName(\"script\")[0], s=d.createElement(\"script\"), f=function (){n.parentNode.insertBefore(s, n);}; s.type=\"text/javascript\"; s.async=true; s.src=\"https://mc.yandex.ru/metrika/watch.js\"; if (w.opera==\"[object Opera]\"){d.addEventListener(\"DOMContentLoaded\", f, false);}else{f();}})(document, window, \"yandex_metrika_callbacks\");</script><noscript><div><img src=\"https://mc.yandex.ru/watch/30139584\" style=\"position:absolute; left:-9999px;\" alt=\"\"/></div></noscript><!-- /Yandex.Metrika counter -->', '3'),('59', 'Criteo Web ES - 5494', '<script type=\"text/javascript\" src=\"//static.criteo.net/js/ld/ld.js\" async=\"true\"></script>\n<script type=\"text/javascript\">\n  window.criteo_q = window.criteo_q || [];\n  window.criteo_q.push(\n    { event: \"setAccount\", account: 21468 },\n    { event: \"setHashedEmail\", email: \"\" },\n    { event: \"setSiteType\", type: \"{$@deviceType}\" },\n    { event: \"viewHome\", user_segment:\"\" },\n    { event: \"viewItem\", item: \"1\" }\n  );\n</script>', '3'),('60', 'Criteo Lead ES - 5494', '<script type=\"text/javascript\" src=\"//static.criteo.net/js/ld/ld.js\" async=\"true\"></script>\n            <script type=\"text/javascript\">\n            window.criteo_q = window.criteo_q || [];\n            window.criteo_q.push(\n            { event: \"setAccount\", account: 21468 },\n            { event: \"setHashedEmail\", email: \"{$@emailUser}\" },\n            { event: \"setSiteType\", type: \"{$@deviceType}\" },\n            { event: \"trackTransaction\" , id: {$#idUser}, deduplication: {$#samePartner}, item: [\n            { id: \"1\", price: 0, quantity: 1}\n            ]});\n            </script>', '3'),('61', 'Criteo Conversion ES - 5494', '<script type=\"text/javascript\" src=\"//static.criteo.net/js/ld/ld.js\" async=\"true\"></script>\n            <script type=\"text/javascript\">\n            window.criteo_q = window.criteo_q || [];\n            window.criteo_q.push(\n            { event: \"setAccount\", account: 21468 },\n            { event: \"setHashedEmail\", email: \"{$@emailUser}\" },\n            { event: \"setSiteType\", type: \"{$@deviceType}\" },\n            { event: \"trackTransaction\" , id: {$#idUser}, deduplication: {$#samePartner}, item: [\n            { id: \"1\", price: 0, quantity: 1}\n            ]});\n            </script>', '3'),('62', 'Remarketing a Premium FR - 5509', '<!-- Google Code for Remarketing Tag -->\n<!--------------------------------------------------\nRemarketing tags may not be associated with personally identifiable information or placed on pages related to sensitive categories. See more information and instructions on how to setup the tag on: http://google.com/ads/remarketingsetup\n--------------------------------------------------->\n<script type=\"text/javascript\">\n/* <![CDATA[ */\nvar google_conversion_id = 948626483;\nvar google_custom_params = window.google_tag_params;\nvar google_remarketing_only = true;\n/* ]]> */\n</script>\n<script type=\"text/javascript\" src=\"//www.googleadservices.com/pagead/conversion.js\">\n</script>\n<noscript>\n<div style=\"display:inline;\">\n<img height=\"1\" width=\"1\" style=\"border-style:none;\" alt=\"\" src=\"//googleads.g.doubleclick.net/pagead/viewthroughconversion/948626483/?value=0&amp;guid=ON&amp;script=0\"/>\n</div>\n</noscript>\n', '3'),('63', 'Remarketing a Premium IT - 5509', '<!-- Google Code for Remarketing Tag -->\n<!--------------------------------------------------\nRemarketing tags may not be associated with personally identifiable information or placed on pages related to sensitive categories. See more information and instructions on how to setup the tag on: http://google.com/ads/remarketingsetup\n--------------------------------------------------->\n<script type=\"text/javascript\">\n/* <![CDATA[ */\nvar google_conversion_id = 950862729;\nvar google_custom_params = window.google_tag_params;\nvar google_remarketing_only = true;\n/* ]]> */\n</script>\n<script type=\"text/javascript\" src=\"//www.googleadservices.com/pagead/conversion.js\">\n</script>\n<noscript>\n<div style=\"display:inline;\">\n<img height=\"1\" width=\"1\" style=\"border-style:none;\" alt=\"\" src=\"//googleads.g.doubleclick.net/pagead/viewthroughconversion/950862729/?value=0&amp;guid=ON&amp;script=0\"/>\n</div>\n</noscript>\n', '3'),('64', 'Remarketing a Premium ES - 5509', '<!-- Google Code for Remarketing Tag -->\n<!--------------------------------------------------\nRemarketing tags may not be associated with personally identifiable information or placed on pages related to sensitive categories. See more information and instructions on how to setup the tag on: http://google.com/ads/remarketingsetup\n--------------------------------------------------->\n<script type=\"text/javascript\">\n/* <![CDATA[ */\nvar google_conversion_id = 945475307;\nvar google_custom_params = window.google_tag_params;\nvar google_remarketing_only = true;\n/* ]]> */\n</script>\n<script type=\"text/javascript\" src=\"//www.googleadservices.com/pagead/conversion.js\">\n</script>\n<noscript>\n<div style=\"display:inline;\">\n<img height=\"1\" width=\"1\" style=\"border-style:none;\" alt=\"\" src=\"//googleads.g.doubleclick.net/pagead/viewthroughconversion/945475307/?value=0&amp;guid=ON&amp;script=0\"/>\n</div>\n</noscript>\n', '3');

COMMIT;
/*!40101 SET SQL_MODE=@OLD_SQL_MODE */;
/*!40014 SET FOREIGN_KEY_CHECKS=@OLD_FOREIGN_KEY_CHECKS */;
/*!40014 SET UNIQUE_CHECKS=@OLD_UNIQUE_CHECKS */;
/*!40111 SET SQL_NOTES=@OLD_SQL_NOTES */;

ALTER TABLE `pix_partners_pixels_environments`
	ADD UNIQUE INDEX `IDX_1` (`idPartner`, `idPixel`, `idEnvironment`);

GRANT SELECT, EXECUTE, SHOW VIEW, ALTER, ALTER ROUTINE, CREATE, CREATE ROUTINE, CREATE TEMPORARY TABLES, CREATE VIEW, DELETE, DROP, EVENT, INDEX, INSERT, REFERENCES, TRIGGER, UPDATE, LOCK TABLES  ON `aba\_pixel`.* TO 'abaapps'@'%';
